<?xml version="1.0" encoding="UTF-8"?>
<project-private xmlns="http://www.netbeans.org/ns/project-private/1">
    <editor-bookmarks xmlns="http://www.netbeans.org/ns/editor-bookmarks/2" lastBookmarkId="0"/>
    <open-files xmlns="http://www.netbeans.org/ns/projectui-open-files/2">
        <group>
            <file>file://uncanet.unca.edu/users/home/awhitley/Documents/NetBeansProjects/MonitorHWStarter/src/monitorhwpackage/Consumer.java</file>
            <file>file://uncanet.unca.edu/users/home/awhitley/Documents/NetBeansProjects/MonitorHWStarter/src/monitorhwpackage/HWMain.java</file>
            <file>file://uncanet.unca.edu/users/home/awhitley/Documents/NetBeansProjects/MonitorHWStarter/src/monitorhwpackage/ProdConsMonitor.java</file>
            <file>file://uncanet.unca.edu/users/home/awhitley/Documents/NetBeansProjects/MonitorHWStarter/src/monitorhwpackage/Producer.java</file>
        </group>
    </open-files>
</project-private>
